acs_met2013,pre_covid_slr,hhinc,pov,college,employed,renter,age25_44,age45_64,commute,density,vacancy,valueh,rooms,bedrooms,valueh_pre,valueh_post,log_value_change,met2013,statefip
"akron, oh",.98015475,322883.752838599,304.7973,.23112983,.49206716,.29684809,.23370086,.28959242,10.598121,1918.266495712946,0,3391187.240481202,6.5967827,3.9540265,3363488.220397808,3121558.784689051,-.074646108,"Akron, OH",39
"albany-schenectady-troy, ny",.98677933,498697.9588623564,337.3407,.28287423,.51013541,.31373569,.23886231,.28433356,11.03082,1791.160535070834,0,3758386.725563509,6.2617359,3.8467298,3639203.222787831,3459368.531776713,-.050678696,"Albany-Schenectady-Troy, NY",36
"albuquerque, nm",.98608321,201754.2178556019,287.96835,.23441532,.45720229,.29153061,.26474395,.26316947,10.170887,2687.427330986428,0,3316169.054248761,5.9076476,3.9487703,3281020.335329094,2965397.46998981,-.10114338,"Albuquerque, NM",35
"allentown-bethlehem-easton, pa-nj",.97758716,351862.6928385505,322.13678,.20814228,.48880425,.28607142,.23897269,.2817829,12.761364,2633.260233585057,0,3437238.128963772,6.522995,4.0108309,3437930.657245278,3276882.919313989,-.047977097,"Allentown-Bethlehem-Easton, PA-NJ",34
"amarillo, tx",.98276955,483815.9682082693,288.3302,.16150737,.478499,.32942936,.27437291,.23214161,8.8964443,1386.967271155405,0,3897393.165556783,5.5293961,3.7414739,3942258.585622544,3588753.718727564,-.093948819,"Amarillo, TX",48
"anchorage, ak",.9963761,390432.3354831759,354.4429,.22037323,.50177276,.29730311,.28996301,.26313066,9.2332172,1468.895806609925,0,3564111.120635377,5.8590345,3.8865826,3561594.170018959,3128874.678981823,-.12953483,"Anchorage, AK",2
"ann arbor, mi",.99530333,688135.8381704792,324.66446,.40003362,.52067119,.31740487,.26361018,.24949996,11.838863,2503.306434711804,0,4063458.842979108,6.3618627,3.8601043,4153135.925573501,3996131.640709449,-.038536891,"Ann Arbor, MI",26
"anniston-oxford-jacksonville, al",.97503173,382387.6032981675,266.23178,.14188325,.42109585,.27765206,.24365737,.26691064,9.4792747,364.7999999999998,0,3475637.853389428,6.1093669,3.8396091,3547086.614539476,3041617.067625834,-.15373729,"Anniston-Oxford-Jacksonville, AL",1
"asheville, nc",.97460973,309649.301554994,292.3334,.24758705,.46705064,.26040217,.23286891,.28974602,8.9504938,479.584591632901,0,3275963.853963313,5.8167572,3.7184942,3300515.956988764,3166109.410316112,-.041575287,"Asheville, NC",37
"atlanta-sandy springs-roswell, ga",.98949349,263080.1009550865,317.51447,.26619789,.49375924,.34660399,.27807906,.2673285,14.395446,1897.382429552193,0,3912179.032688295,6.9266262,4.25735,3951235.768126457,3376448.875692318,-.15720385,"Atlanta-Sandy Springs-Roswell, GA",13
"atlantic city-hammonton, nj",.97006702,326636.3330228343,303.85974,.19404933,.4626562,.30840111,.22690769,.28549129,10.48583,1500.677951209685,0,3545847.063173972,6.4812274,3.8668211,3508758.476132833,3150904.220405051,-.1075728,"Atlantic City-Hammonton, NJ",34
"augusta-richmond county, ga-sc",.98176295,368442.2850849314,278.10425,.18930171,.43978444,.31187162,.26118261,.26477656,9.9111385,798.3908874123964,0,3785308.933779878,6.4610481,4.0428395,3764828.040379819,3282246.029553599,-.13717423,"Augusta-Richmond County, GA-SC",13
"austin-round rock, tx",.99112433,331142.500869024,336.78296,.3006402,.53192061,.35532609,.31969222,.23996596,12.842671,2292.33769142558,0,4096189.230150792,5.8970337,3.9060051,4133757.342902097,3912604.178882245,-.054983579,"Austin-Round Rock, TX",48
"bakersfield, ca",.99636424,448905.4411795093,245.72243,.10601167,.39308369,.41130373,.27450204,.23099306,8.3954105,2364.969319661696,0,4742510.988850044,5.2783103,3.8342848,4716250.859766996,4306752.723260241,-.090829983,"Bakersfield, CA",6
"baltimore-columbia-towson, md",.99502152,367277.3272209751,354.89758,.29411659,.51404935,.30203438,.26600781,.27771536,14.784874,4324.29245465025,0,3629811.473235944,6.8292413,4.0122008,3644277.592793449,3336002.300198932,-.088384978,"Baltimore-Columbia-Towson, MD",24
"bangor, me",.97357285,529848.730535708,288.96591,.16756473,.4782545,.24190861,.22572236,.29678994,9.8630371,204.5,0,3037880.61062354,5.618187,3.6557875,2979942.021782961,3255292.185479674,.088378191,"Bangor, ME",23
"barnstable town, ma",.97355151,258477.1932903031,364.17828,.35747984,.48602551,.19995303,.18152419,.31605923,9.2242031,663.2457146274577,0,2699303.19210749,6.2224751,3.9568961,2613659.60697496,2421846.739639413,-.076221026,"Barnstable Town, MA",25
"baton rouge, la",.98209769,376611.8994996978,303.14981,.18829741,.46736026,.29856762,.27166626,.255312,11.613172,1226.619596924782,0,3628098.184309022,5.7484674,3.8734145,3621627.324925686,3311589.54280724,-.089495167,"Baton Rouge, LA",22
"beaumont-port arthur, tx",.98233819,584382.8060008264,276.87109,.12339888,.42575514,.29627225,.25887835,.26424721,9.0787401,1070.166662517085,0,3799069.39800767,5.4820313,3.6529608,3766706.139436588,3468608.050558953,-.082447544,"Beaumont-Port Arthur, TX",48
"bellingham, wa",.9983241,340676.1745161368,303.94214,.22387616,.48285365,.35356349,.24329768,.2564511,10.281533,667.7000000000007,0,4257110.542596713,5.8946052,3.8471782,4189467.836815645,3780534.879681684,-.10270821,"Bellingham, WA",53
"bend-redmond, or",.99051237,163467.949230638,326.96765,.24563269,.4825052,.2992349,.25905743,.27004182,7.538394,447.1000000000003,0,3593423.460388521,5.7385817,3.8711054,3480201.600534877,2537926.626425614,-.31574276,"Bend-Redmond, OR",41
"binghamton, ny",.9688319,581370.260938899,284.37546,.2161677,.43511048,.2846764,.21789601,.28271201,7.3868513,1730.070562635582,0,3590420.786892475,6.2453618,3.8149998,3504777.023001072,3202712.046623345,-.090128936,"Binghamton, NY",36
"birmingham-hoover, al",.98601079,308586.4296538226,301.25412,.22099619,.45887846,.25212327,.2545636,.27368906,11.334637,991.9516102852946,0,3107714.927556036,6.4947672,4.0251865,3097498.656989183,3058076.20173958,-.012808875,"Birmingham-Hoover, AL",1
"blacksburg-christiansburg-radford, va",.98531783,813010.6112743819,270.05341,.2464264,.49258059,.33669811,.22443764,.2378709,9.2818489,342.5999999999997,0,4387571.286559519,6.1663046,3.7424181,4439292.579111856,4290372.213873294,-.034121543,"Blacksburg-Christiansburg-Radford, VA",51
"bloomington, il",.9666779,541358.4381423421,315.42004,.29883635,.50647926,.28101146,.26237246,.2447924,8.7488909,1045,0,3537012.099438687,6.4289298,3.9395227,3564977.849043039,3522745.850860755,-.011917084,"Bloomington, IL",17
"boston-cambridge-newton, ma-nh",.99645662,490559.3136121772,361.54526,.34924954,.53679383,.31443781,.26437128,.27981237,15.59664,6538.192164186828,0,3947158.571485028,6.1111517,3.7908249,3940944.31393279,3953141.367054154,.0030901774,"Boston-Cambridge-Newton, MA-NH",25
"bremerton-silverdale, wa",1.0028651,358023.5205665562,331.33795,.22968794,.47304228,.31573913,.25585729,.26720449,13.873096,1148.410506394997,0,3708311.987757273,6.4619207,3.9728279,3666432.29580469,3371112.416245842,-.083976276,"Bremerton-Silverdale, WA",53
"bridgeport-stamford-norwalk, ct",.97229683,365942.7768749477,366.87219,.34641626,.50659412,.3009899,.23984458,.29949814,14.21147,3707.843938889753,0,3794328.767381083,6.6620026,4.0472341,3784794.390506044,3585408.369051125,-.054119185,"Bridgeport-Stamford-Norwalk, CT",9
"buffalo-cheektowaga-niagara falls, ny",.99119204,366630.507812815,312.85312,.23418929,.47441205,.27980176,.23534468,.28478521,9.7560053,3334.863787185772,0,3322164.899737221,6.3636756,3.9313221,3277894.782005405,3253637.006147078,-.0074279322,"Buffalo-Cheektowaga-Niagara Falls, NY",36
"burlington-south burlington, vt",.99463117,605388.1534144501,338.9068,.31312016,.55105168,.25919166,.25860688,.27106678,11.747222,507.1999999999996,0,3386845.358644595,6.3277683,3.7934823,3320148.364594431,3715344.260344036,.11246187,"Burlington-South Burlington, VT",50
"canton-massillon, oh",.9816252,306759.2297416752,299.82916,.17431797,.4770765,.25418869,.22781418,.28425103,9.9058285,1403.006877939687,0,3026557.783847036,6.6065936,3.9867127,2972751.24528763,3001329.199293712,.0095673874,"Canton-Massillon, OH",39
"cape coral-fort myers, fl",.96649373,263962.1416471878,308.56793,.24667299,.41424337,.30558965,.18755032,.28049725,9.9663582,1449.498715501996,0,3545966.290466795,5.6241894,3.7665756,3655031.097407501,3139318.948193781,-.15209872,"Cape Coral-Fort Myers, FL",12
"champaign-urbana, il",.97357726,935912.2909434664,277.70065,.30040705,.50249505,.36356828,.2604554,.20938714,8.2729568,1278.399999999997,0,4657947.729745227,5.2769394,3.4115474,4746614.606400651,4736632.146069991,-.002105284,"Champaign-Urbana, IL",17
"charleston-north charleston, sc",.98516554,340227.4870206949,312.71762,.2679666,.49260625,.28277159,.28767115,.25908944,12.018821,1095.848589775896,0,3520104.42040918,6.2909436,4.0275769,3589398.701237101,3067220.851785605,-.15721281,"Charleston-North Charleston, SC",45
"charlotte-concord-gastonia, nc-sc",.98793292,255385.9854441399,311.66,.24089421,.49065447,.31513223,.27398977,.27212471,11.938475,1372.406242642015,0,3646318.669410948,6.44976,4.0546241,3685768.893077889,3380311.024029834,-.086511433,"Charlotte-Concord-Gastonia, NC-SC",37
"chattanooga, tn-ga",.98521852,428904.1935121002,296.87936,.20672417,.47502866,.27971414,.26225221,.28496292,10.237765,951.1721113253762,0,3393764.742716423,6.1849995,3.8274701,3434404.430470171,3375721.54732231,-.017234435,"Chattanooga, TN-GA",13
"chicago-naperville-elgin, il-in-wi",.97726858,275182.2158016805,327.8746,.2703045,.49860242,.3163836,.27312487,.26847693,14.790775,7404.68284711572,0,3634509.067130754,6.2907171,3.917413,3634986.252541863,3318281.005655657,-.09115845,"Chicago-Naperville-Elgin, IL-IN-WI",17
"chico, ca",.99956739,416843.4611428379,271.75815,.18283771,.41235307,.38610351,.22715792,.2542783,7.7914515,1051.822173576264,0,4480067.036386643,5.4622831,3.6645916,4643927.750659171,4431956.273953253,-.046719424,"Chico, CA",6
"cincinnati, oh-ky-in",.9825561,323471.3608218696,322.70609,.23196653,.49198112,.28392732,.25031781,.26986808,11.318983,2020.612845858479,0,3342942.146933295,6.5924859,3.9760563,3368614.961315339,3049660.648936518,-.099471346,"Cincinnati, OH-KY-IN",21
"clarksville, tn-ky",.99401045,448732.8603437921,259.4451,.1428117,.43531743,.36613372,.28256205,.22409466,10.282052,487.1591812618686,0,4313890.973545214,6.0758061,3.9553947,4266414.322122545,4094568.785532259,-.04111233,"Clarksville, TN-KY",21
"cleveland-elyria, oh",.97907722,306931.0894509309,309.34113,.22477628,.48408908,.2956354,.23554882,.28520456,11.139912,3152.790391102983,0,3447327.894636386,6.5717449,3.9997239,3444123.414986764,3262671.710340858,-.054123018,"Cleveland-Elyria, OH",39
"coeur d'alene, id",1,197162.8952245392,291.67197,.19245605,.41709486,.35413137,.23226817,.26135507,8.0794888,667.3999999999999,0,3903692.7771333,6.5009394,4.1560459,3772371.034215675,3048193.730982788,-.21315452,"Coeur d'Alene, ID",16
"college station-bryan, tx",.98132437,756751.5273398777,248.1725,.24561857,.46597442,.46210596,.25654161,.16916651,7.6126399,1703.5,0,5448878.261691895,5.4388399,3.7021868,5492023.364581718,5371017.078450505,-.022279451,"College Station-Bryan, TX",48
"colorado springs, co",.9996922,356221.707289874,316.79153,.26765272,.50343037,.34503946,.27875832,.24825746,10.355458,2523.644009186093,0,3959343.262570435,6.7390194,4.2431421,3933280.948445903,3615944.478317013,-.08412084,"Colorado Springs, CO",8
"columbia, sc",.97868234,527438.9480041096,288.40384,.23371653,.4812724,.28174961,.2630032,.2607263,11.090057,1049.799095475169,0,3576305.105975137,6.2456245,3.9335153,3551093.051814633,3222001.863102711,-.097252592,"Columbia, SC",45
"columbus, oh",.99521446,358154.4211474931,315.90054,.26700467,.50721818,.35865539,.2830525,.26043344,11.26722,2608.067964709822,0,4104301.699057466,6.3369589,3.9037185,4128790.496714404,3873428.335398315,-.063844517,"Columbus, OH",39
"corpus christi, tx",.97869945,459453.2670274861,277.04904,.13820989,.43670133,.34865549,.25532833,.24426502,8.0943031,2645.023478822986,0,4129556.695200553,5.2577896,3.6825972,4135252.312365185,3701570.644980748,-.11079112,"Corpus Christi, TX",48
"dallas-fort worth-arlington, tx",.99359542,215990.0186085665,316.16003,.23512067,.5007624,.35971224,.2864075,.25041848,13.252592,3270.981082472432,0,3977664.930196672,6.1318679,3.9697165,3993958.684527815,3802418.372937102,-.049145613,"Dallas-Fort Worth-Arlington, TX",48
"dayton, oh",.98731017,421628.6289697227,297.02487,.1954487,.47194076,.33349627,.23996243,.2704376,9.6822777,1853.144966154304,0,3899528.430140283,6.3092875,3.9004934,3893613.619334439,3484931.988090314,-.11088915,"Dayton, OH",39
"decatur, il",.95780754,432965.4259503583,276.43726,.16184328,.40646386,.2986854,.22073941,.26009208,6.8160315,723.8999999999986,0,3526759.575891035,6.265512,3.930758,3510802.514497709,3165323.290739383,-.10358945,"Decatur, IL",17
"deltona-daytona beach-ormond beach, fl",.97412872,228991.2103972986,287.59418,.19900605,.40611312,.27495301,.19391443,.29556677,10.174998,1214.283056528866,0,3185395.278834878,5.9159007,3.8732674,3223209.122099088,2876001.019055465,-.11397669,"Deltona-Daytona Beach-Ormond Beach, FL",12
"denver-aurora-lakewood, co",.99884319,229125.6079423743,348.79269,.30903015,.53110677,.32119456,.29994485,.25940511,13.08883,3995.944926492489,0,3692752.157406066,6.6269894,4.0765934,3696943.808733649,3577893.595910074,-.032732233,"Denver-Aurora-Lakewood, CO",8
"des moines-west des moines, ia",.98731482,325057.5253507241,338.91129,.25335646,.53259951,.25601563,.2781699,.25044897,9.8383074,1633.543535014759,0,3012307.473100192,6.4852328,3.9858956,2993153.109694586,2725104.760726634,-.093820512,"Des Moines-West Des Moines, IA",19
"detroit-warren-dearborn, mi",.98563957,208321.0010464843,316.52234,.22466297,.47276589,.27876395,.25005049,.29173258,11.863585,3418.602655699718,0,3173744.581123446,6.4886508,4.001895,3198067.773608224,2801085.24044732,-.13253988,"Detroit-Warren-Dearborn, MI",26
"dover, de",.99415982,383222.7764465924,297.91788,.15965451,.45696411,.31396767,.24562463,.25782663,11.231347,550.2000000000008,0,3802522.141608747,6.3769813,4.020546,3699157.836702493,2742971.223822346,-.29906347,"Dover, DE",10
"erie, pa",.96698439,544725.4211500548,276.67166,.19480102,.46626872,.28131801,.23725082,.27509311,8.6055059,2604.396690763042,0,3519787.475553121,6.0549178,3.8140125,3498175.102554169,3297068.62341852,-.059207655,"Erie, PA",42
"eugene, or",.99869788,297421.9485052202,275.07068,.20829642,.45707697,.39225984,.24374904,.2529707,8.8642216,2266.853389984492,0,4448248.897938476,5.8095961,3.8036282,4474175.734434355,4162691.258799026,-.072160341,"Eugene, OR",41
"fayetteville, nc",.98901498,424399.564173026,250.60541,.17224836,.45178455,.4218958,.28407338,.23281668,9.2297125,1582.844331316805,0,4891768.31356675,5.9487038,3.828068,4861346.474499651,4751758.127181956,-.02280077,"Fayetteville, NC",37
"flagstaff, az",.98167455,1153521.412973833,247.93146,.22490248,.45917371,.30459347,.21428409,.2394138,6.914371,158.8000000000005,0,4539478.821403416,5.0566516,3.4269247,4543835.724207788,4630829.152720204,.018964406,"Flagstaff, AZ",4
"fort collins, co",.99716556,379282.7702443551,327.10797,.34037116,.521429,.30745748,.25982061,.25282091,10.898333,1363.439522424995,0,3630827.368317352,6.6021681,4.0517783,3683297.963809972,3832281.218480547,.039651707,"Fort Collins, CO",8
"fresno, ca",.99796724,248576.2239289764,251.66521,.13147227,.40217406,.4478426,.26200604,.22259201,8.54109,3352.203697609606,0,4938831.907062516,5.5262876,3.9009001,4914858.128658979,4706943.513459019,-.043224126,"Fresno, CA",6
"gainesville, fl",.9760499,900381.656847417,261.96985,.29469451,.47584587,.39535078,.26740876,.2371178,9.6234245,1598.9068193308,0,5073781.694614002,5.1409645,3.5394611,5246878.428187518,4687898.828781421,-.11264884,"Gainesville, FL",12
"gainesville, ga",.983657,154431.129113924,281.45432,.16229615,.46935531,.34993228,.24914925,.26403296,11.611292,636.9000000000001,0,3908303.175560789,6.5294909,4.0707388,3923908.787959768,3280749.063272392,-.17901653,"Gainesville, GA",13
"glens falls, ny",.97712988,403085.1213778203,308.73688,.18986164,.47279677,.23568371,.22545394,.31161341,10.479395,215.7999999999998,0,3013065.501333776,6.1511116,3.8572984,3013507.540317792,2725451.417931575,-.10047062,"Glens Falls, NY",36
"goldsboro, nc",.98327613,352080.7226391173,262.98172,.1318959,.40684965,.38432017,.25019702,.261042,8.5966196,337.7999999999998,0,4648831.001105058,5.8377366,3.9165895,4598973.575287499,4115167.10827546,-.1111537,"Goldsboro, NC",37
"grand junction, co",.9915365,305014.4653690926,278.99271,.19196719,.45531181,.35102037,.23781084,.26387352,7.1948476,1770.8,0,3988352.478754394,5.8187575,3.8477249,3927522.462183853,2906884.445999291,-.30092695,"Grand Junction, CO",8
"grand rapids-wyoming, mi",.99610955,326628.6822773426,318.04352,.23784341,.51381254,.24709563,.26874939,.24911071,9.9460926,1858.942579464373,0,2940422.672706492,6.8000627,4.0770302,2907165.011163873,2716959.268685699,-.067665048,"Grand Rapids-Wyoming, MI",26
"greensboro-high point, nc",.98375833,359165.2037375007,272.60648,.20102783,.46007812,.3290295,.24840228,.27428097,9.9134493,1225.678031579511,0,3933780.276600216,5.9735274,3.8436005,3947996.85403765,3477337.88115907,-.12694129,"Greensboro-High Point, NC",37
"greenville, nc",.98713958,468883.356353412,272.51154,.21266262,.46239588,.38504207,.24037866,.23547442,9.2429314,697.9,0,4441412.027497952,5.702745,3.7221911,4515709.18011611,4597837.865570525,.018023917,"Greenville, NC",37
"greenville-anderson-mauldin, sc",.98605126,335447.4641456743,290.86984,.21149027,.46220607,.29798192,.24590862,.26446176,10.179515,784.9977732936298,0,3566337.172830105,6.312161,3.9540033,3553229.275938815,2908710.331256746,-.20014705,"Greenville-Anderson-Mauldin, SC",45
"harrisburg-carlisle, pa",.99221843,467051.8740876783,330.99112,.24572599,.50544733,.28419852,.24779557,.28716347,10.690103,1560.111036845137,0,3481442.373742748,6.417892,3.9062524,3450607.725779219,3207190.273231665,-.07315512,"Harrisburg-Carlisle, PA",42
"harrisonburg, va",.98319113,747179.6362018135,280.48987,.18970272,.48419011,.29068094,.22095694,.23820914,8.7801476,495.7000000000005,0,4287093.511526633,6.2227688,3.8371887,4409263.565551844,4262055.813894837,-.033956055,"Harrisonburg, VA",51
"hartford-west hartford-east hartford, ct",.9831419,520231.3051139529,350.73663,.28459507,.51376289,.28404573,.23959437,.29450685,11.609094,2402.003324997954,0,3583064.121510907,6.0252047,3.7849669,3605255.649873528,3360394.616718411,-.070334271,"Hartford-West Hartford-East Hartford, CT",9
"hickory-lenoir-morganton, nc",.9799459,281564.3175710302,262.12308,.12483123,.43378404,.2940101,.22634053,.28799608,9.2809057,365.4174774073388,0,3553119.06799726,5.7768502,3.8065581,3547036.44228931,2888067.540224151,-.20552485,"Hickory-Lenoir-Morganton, NC",37
"hilton head island-bluffton-beaufort, sc",.96754563,414304.6148950393,323.70978,.30180487,.45351338,.28104866,.219162,.23957555,9.9799347,418.4000000000008,0,3503745.608867593,5.9998369,3.8434155,3714021.265360355,3398396.656738481,-.088811442,"Hilton Head Island-Bluffton-Beaufort, SC",45
"homosassa springs, fl",.9638719,268935.3583692487,270.47797,.16218211,.30747429,.1547583,.14126189,.3030169,7.3467908,349.4000000000002,0,2030283.867186954,5.7552552,3.6690972,2110001.955822453,1922898.801481795,-.092855036,"Homosassa Springs, FL",12
"houston-the woodlands-sugar land, tx",.98005068,212970.5815104618,306.80261,.21950561,.47443897,.35305977,.29261845,.24713224,13.393398,3475.206585103802,0,3943317.243434365,6.0993576,3.9962227,3947716.879230911,3765131.386648085,-.04735465,"Houston-The Woodlands-Sugar Land, TX",48
"huntsville, al",.98996294,372656.365307646,314.98993,.26427802,.49745962,.27590677,.25813702,.28229403,10.417777,1084.045518031567,0,3449505.918329151,6.6974373,4.0604095,3414845.900305276,3015141.387711322,-.12448564,"Huntsville, AL",1
"indianapolis-carmel-anderson, in",.98875093,284060.1185656262,315.7963,.24668938,.50729674,.310029,.27359462,.27069485,11.876981,1750.809441344864,0,3526117.261014732,6.6007414,3.9797542,3534623.954543523,3120609.597367524,-.12457855,"Indianapolis-Carmel-Anderson, IN",18
"iowa city, ia",.98576021,693177.3651251092,292.74954,.36061108,.53075832,.35473803,.27976808,.18476836,9.4835491,924.7999999999997,0,4397070.70151333,6.1981192,3.9598653,4386709.611757551,3847506.838916162,-.13115406,"Iowa City, IA",19
"ithaca, ny",.97490698,1478629.374566658,249.74925,.33351213,.44914624,.3552165,.22394732,.22101697,6.7522326,564.0999999999996,0,5161789.126044244,5.48137,3.4105752,5308632.46364502,4847977.346994424,-.090772688,"Ithaca, NY",36
"jackson, mi",.98533005,702591.6416126672,287.72748,.14284867,.43755066,.20522878,.23698245,.28577644,10.156369,515.3999999999996,0,2870479.982841021,6.3428631,3.7800381,2847402.902812671,2643241.252252349,-.074401408,"Jackson, MI",26
"jackson, ms",.97687972,462806.2208686545,279.95621,.20603374,.44484437,.27280822,.27147356,.25486955,10.509962,850.5322402196251,0,3614383.371789705,5.8202548,3.8756697,3619935.949442119,3378708.810754667,-.068962701,"Jackson, MS",28
"jacksonville, fl",.98002636,306173.3576998065,308.13583,.22429408,.48114917,.3227846,.26575705,.27092323,12.297891,1779.188163051196,0,3758935.432564311,6.1866074,4.0126605,3789622.105033283,3519103.535890077,-.074060023,"Jacksonville, FL",12
"janesville-beloit, wi",.99201345,298714.8285575235,296.41867,.1652998,.48912537,.25485528,.23407936,.28560156,10.533465,746.0999999999984,0,2955921.254250219,6.3702507,3.9269588,2880831.295667527,2928560.093551517,.016431971,"Janesville-Beloit, WI",55
"joplin, mo",.97801602,273993.4896190615,272.88861,.14167821,.46680775,.29539761,.24939185,.26357976,8.006671,375.1999999999998,0,3455872.845271109,6.0959339,3.9092596,3451250.301096542,3278699.096102333,-.051289845,"Joplin, MO",29
"kalamazoo-portage, mi",.98686188,328143.639346435,294.16251,.22066034,.50109208,.280999,.23632619,.27596527,9.4503412,1091.140517264234,0,3273926.991867548,6.4941788,4.0240765,3223011.469222737,2760171.227600004,-.15502344,"Kalamazoo-Portage, MI",26
"kankakee, il",.97717541,622979.9342540951,299.11533,.13174577,.48360503,.25393879,.24129948,.27606249,10.886041,543.8000000000005,0,3321270.666171773,5.9339514,3.6907861,3487510.645010272,3234310.257476526,-.07537251,"Kankakee, IL",17
"kansas city, mo-ks",.99628067,268526.5206633605,327.77304,.25999865,.51076967,.30535954,.26852974,.26573208,10.926939,1806.281887951888,0,3502492.911333923,6.5976782,4.0456133,3477865.202847932,3283932.747234858,-.057376947,"Kansas City, MO-KS",20
"knoxville, tn",.98340249,316402.565014617,285.40594,.20729323,.45791522,.27436432,.24082933,.28200212,10.128739,843.4644476376986,0,3382433.755928435,6.21275,3.8706028,3372042.447817819,3085495.700823922,-.088806301,"Knoxville, TN",47
"lafayette, la",.97694647,258529.0899965753,279.5452,.14947854,.44747347,.24478343,.25301701,.27023232,10.18017,742.9296633180574,0,3148890.808744027,5.7717571,3.8736668,3221302.747828578,3187511.986004907,-.010545187,"Lafayette, LA",22
"lake havasu city-kingman, az",.97945917,260070.092029661,266.50882,.087239206,.34627637,.29862222,.18568705,.27568552,6.958147,221,0,3557596.916275964,5.325417,3.6945839,3507321.806966768,3051370.645796438,-.13926184,"Lake Havasu City-Kingman, AZ",4
"lakeland-winter haven, fl",.9839294,288228.0849964474,268.84073,.15586948,.41089541,.31107897,.22855367,.26035658,9.824358,1039.137539879906,0,3560446.60371214,5.8380442,3.8009696,3549320.16933398,3343756.861916804,-.059661102,"Lakeland-Winter Haven, FL",12
"lancaster, pa",.9945913,301509.1208106047,314.31268,.17585973,.49546319,.28628188,.23526931,.25973004,10.847786,1606.104890423089,0,3327197.393070032,6.5922656,4.0677795,3315897.381024508,3089574.592295724,-.070694879,"Lancaster, PA",42
"lansing-east lansing, mi",.99416029,552726.4508615321,297.01642,.24340951,.48995888,.3018586,.23946215,.25547823,10.011763,1493.963636103597,0,3677625.564835493,6.2000985,3.8212533,3667459.402371217,3184197.696812549,-.1412988,"Lansing-East Lansing, MI",26
"las cruces, nm",.97901475,319062.4363860701,234.54732,.16878544,.40691444,.36074692,.24214147,.22457604,8.1204901,962.5350696350425,0,4059014.61267178,5.5320048,3.8210084,4126442.730626548,3597249.726991978,-.13724612,"Las Cruces, NM",35
"las vegas-henderson-paradise, nv",.99308264,200029.0649182652,293.50259,.1691332,.46940789,.45358631,.2801162,.25414228,10.870313,5010.584063375144,0,4871407.222314178,5.7556906,3.9719148,4882501.105359553,4405918.979656549,-.10270875,"Las Vegas-Henderson-Paradise, NV",32
"lawrence, ks",.99301118,861381.1146655247,303.12692,.34989157,.56399769,.36987263,.25555333,.22080289,11.750041,1224.300000000001,0,4735196.388742096,5.9653225,3.7420778,4591611.522330195,4914684.368356863,.06799648,"Lawrence, KS",20
"lebanon, pa",.99198824,346769.7621274943,320.72226,.15932424,.50847876,.26202047,.22785974,.27460974,11.42699,835.899999999999,0,3166040.343850831,6.3522067,3.8969946,3237547.833387333,2797344.54650719,-.14614561,"Lebanon, PA",42
"little rock-north little rock-conway, ar",.98147464,279673.9905592062,295.17035,.22026075,.4742181,.33751363,.26052701,.25723696,9.9989767,964.2382373095377,0,3863108.211708679,6.0377574,3.8934956,3855492.344639522,3559626.901637493,-.079842977,"Little Rock-North Little Rock-Conway, AR",5
"los angeles-long beach-anaheim, ca",.9971348,280431.9404184513,303.10727,.24423771,.48752102,.4830237,.2842285,.26341107,13.765266,10472.19626964673,0,5465497.394243541,5.1747961,3.60009,5470655.448287961,5436908.841625208,-.0061877635,"Los Angeles-Long Beach-Anaheim, CA",6
"louisville/jefferson county, ky-in",.98860377,304748.4264164064,310.66986,.21188672,.48478004,.29239938,.2563158,.28005043,10.725816,2040.040468477982,0,3424984.21446082,6.3453116,3.9595778,3442251.849505977,3018271.324575254,-.13144161,"Louisville/Jefferson County, KY-IN",18
"lynchburg, va",.97751862,609506.0009250963,286.48776,.21135119,.45092198,.25634336,.1957579,.27933326,9.9503031,432.9043712886755,0,3467089.902006459,6.2259483,3.8334868,3442555.300543834,3117762.774093324,-.099098332,"Lynchburg, VA",51
"madera, ca",.98487186,575132.7132644458,242.36066,.083466299,.36746353,.40240666,.23980796,.24409312,8.7063665,488.6999999999996,0,4745478.35506797,5.3318863,3.8424668,4646666.206332126,4160076.871185961,-.11061647,"Madera, CA",6
"manchester-nashua, nh",.99826491,257806.7912852531,352.78491,.27212733,.54794657,.35412773,.25463602,.30244988,13.306112,2289.477878062365,0,3955811.503699189,6.1141543,3.8266704,3944300.251060765,3516752.412024879,-.11473361,"Manchester-Nashua, NH",33
"mcallen-edinburg-mission, tx",.9726854,169076.7642322303,210.37506,.11614106,.36731148,.28207406,.25789192,.19258732,7.1639981,1680.675346721114,0,3426257.211427721,5.3164167,3.9063275,3370399.784596149,3258942.364152492,-.033628654,"McAllen-Edinburg-Mission, TX",48
"medford, or",.98954582,238825.6652839136,294.43738,.21559466,.43542245,.35309622,.2395058,.27496317,6.9695597,1270.310385623361,0,3960802.670170972,5.7662649,3.7598102,3970388.049743735,3482952.457649246,-.13098349,"Medford, OR",41
"memphis, tn-ms-ar",.99047983,270220.4625282044,285.03409,.20056699,.46774444,.3951101,.2650755,.26283911,10.856246,2077.531333761879,0,4420685.708138039,6.2926712,4.0183353,4414611.068117909,4031680.654198085,-.090736412,"Memphis, TN-MS-AR",28
"merced, ca",.99158609,308400.7551697686,240.25679,.086567886,.37009567,.45560175,.26494408,.22032379,9.2008152,1273.152036820221,0,5273879.851734023,5.6779323,3.9984982,5292744.529007597,4974719.949603191,-.06196785,"Merced, CA",6
"miami-fort lauderdale-west palm beach, fl",.96570563,242118.8435087761,288.96786,.2343729,.48018605,.39711845,.25108024,.27966571,13.093585,6368.809761606493,0,4445767.951154985,5.3422041,3.6789997,4446766.465422778,4231327.416304654,-.049661443,"Miami-Fort Lauderdale-West Palm Beach, FL",12
"michigan city-la porte, in",.97576094,743605.9339744826,262.55478,.12692551,.44844627,.21811017,.26320189,.27477565,10.477895,469.5999999999996,0,3234882.474836268,5.9120579,3.6937823,3240222.359936888,3197012.204271643,-.013425269,"Michigan City-La Porte, IN",18
"milwaukee-waukesha-west allis, wi",.9939869,301092.3477529219,322.82996,.25652143,.50650924,.34696525,.25815016,.2741237,11.047271,4283.761609197252,0,3903133.690111681,6.1370888,3.8469188,3934664.469277753,3748866.264703849,-.048372146,"Milwaukee-Waukesha-West Allis, WI",55
"minneapolis-st. paul-bloomington, mn-wi",.99923027,301960.4965628985,354.58789,.28524572,.53655863,.25598893,.27218279,.27238902,12.530368,2826.713173584088,0,3042145.685899511,6.8197637,4.0464582,3019640.712869661,2803170.775845383,-.074386656,"Minneapolis-St. Paul-Bloomington, MN-WI",27
"modesto, ca",.99849749,176834.2192158072,277.38184,.10836987,.41094756,.40183887,.25957307,.24079995,10.802825,3138.227754495332,0,4545631.367714566,5.7220783,4.0362616,4513608.006918919,4129081.354618437,-.089041889,"Modesto, CA",6
"monroe, mi",.98335105,165859.9835478611,331.84348,.15226729,.47536343,.15767963,.23239774,.30363944,11.204712,476.4000000000006,0,1862666.930617909,6.8788953,4.1462302,1841143.590916712,1755364.949820256,-.047710113,"Monroe, MI",26
"montgomery, al",.97120214,431869.0812743083,281.73834,.20272595,.43939376,.32029679,.26264599,.27158916,9.8553238,1170.049902339857,0,3920319.880678097,6.2044144,4.0149221,3792850.704947133,3454538.674521884,-.093428977,"Montgomery, AL",1
"muskegon, mi",.98971617,500790.0842582698,263.36475,.10841186,.43605188,.26777822,.24049765,.28082043,8.8673315,797.2999999999985,0,3262539.060468985,5.9549837,3.8234079,3153184.706898038,2635271.24410491,-.17942685,"Muskegon, MI",26
"myrtle beach-conway-north myrtle beach, sc-nc",.96860319,209128.6064092844,292.96829,.19300202,.43148449,.26371276,.20354953,.29087815,8.8876762,541.6320617836393,0,3145691.735298636,5.8881297,3.9417965,3206182.255397596,2589494.750828471,-.21361811,"Myrtle Beach-Conway-North Myrtle Beach, SC-NC",37
"napa, ca",.99092436,424394.9018845164,345.49683,.26922989,.52540654,.32411051,.24197902,.28381419,11.408407,1727.100000000001,0,4207277.995476233,5.8002195,3.8226993,4196469.471901788,4351076.387143288,.036179692,"Napa, CA",6
"naples-immokalee-marco island, fl",.95833266,232865.4053177025,321.26764,.28696367,.41557851,.28033987,.17769751,.25590745,8.9235134,1549.492019712711,0,3410775.065366798,5.4485574,3.7429042,3576756.976903561,3376926.356923589,-.057490584,"Naples-Immokalee-Marco Island, FL",12
"nashville-davidson--murfreesboro--franklin, tn",.99162304,277517.1404854771,312.36209,.23888585,.50294107,.30788478,.28187376,.25845915,12.607431,1110.587012830862,0,3604743.774136256,6.4409809,3.9598885,3558415.547085799,3490309.461745178,-.019324971,"Nashville-Davidson--Murfreesboro--Franklin, TN",47
"new haven-milford, ct",.97499526,450315.4848696387,339.63394,.26714021,.51072025,.33985767,.24651884,.29356915,11.837117,3244.435179761815,0,4035820.601312593,5.8537564,3.7483461,3986149.482974621,3870451.411767031,-.02945458,"New Haven-Milford, CT",9
"new orleans-metairie, la",.97752208,299251.7874272362,293.76837,.22054948,.46735725,.32978195,.26593783,.27642989,11.565486,3534.973773718681,0,3843728.020190998,5.9821053,3.8672223,3850203.977353406,3429413.132273677,-.11573698,"New Orleans-Metairie, LA",22
"new york-newark-jersey city, ny-nj-pa",.9795475,333674.4611157394,331.03116,.29072794,.48609036,.43386889,.27160758,.27256516,16.594185,27258.00412775804,0,5005114.637322336,5.6560335,3.6724961,5006878.727546952,4800604.363416741,-.042070892,"New York-Newark-Jersey City, NY-NJ-PA",34
"north port-sarasota-bradenton, fl",.9680059,228154.7787109766,324.26279,.26378995,.40905574,.26357859,.17027648,.28852648,9.4042454,1875.663444774492,0,3071910.363401502,5.7156382,3.7016222,3191772.658831647,2952738.761925863,-.077843323,"North Port-Sarasota-Bradenton, FL",12
"norwich-new london, ct",.98144096,597998.5871313356,350.20676,.24561618,.54257476,.26983497,.23125337,.30005628,12.634738,841.3593921097079,0,3498048.851695866,6.1524725,3.8199079,3446086.561671318,3545830.414105473,.028533125,"Norwich-New London, CT",9
"ocala, fl",.97204995,371958.0071597741,259.53302,.14883204,.3589367,.27294227,.18551463,.27030718,8.1200228,618.01109732858,0,3343556.905923524,5.5060687,3.6969693,3348066.861048515,2689690.27451106,-.21895708,"Ocala, FL",12
"ocean city, nj",.96551228,418047.8146073364,324.04178,.24232624,.46502653,.23721521,.19224587,.30083835,8.7275181,890.5,0,3327987.389785645,6.171484,3.8946898,3218545.811701175,2857687.079596316,-.11891706,"Ocean City, NJ",34
"ogden-clearfield, ut",.99963939,193907.8061068161,325.69748,.19005425,.46552768,.20096992,.28037626,.21122243,10.119996,2013.238065110999,0,2382350.740050713,7.6021528,4.7304473,2342053.478251064,2565703.5382856,.091204628,"Ogden-Clearfield, UT",49
"oklahoma city, ok",.98780525,364723.8544969943,297.02481,.21022157,.47685498,.31761697,.27329004,.24445923,9.9496679,1695.860500386259,0,3740619.183449309,5.8792424,3.8559866,3761401.400629533,3633724.144998242,-.034533542,"Oklahoma City, OK",40
"olympia-tumwater, wa",1.0008466,228213.6648290481,337.12509,.26177296,.45234773,.31149161,.26722482,.26783863,10.110978,1463.480940997955,0,3580969.521452862,6.242352,3.9081914,3547711.608632916,3359354.239997187,-.054554012,"Olympia-Tumwater, WA",53
"omaha-council bluffs, ne-ia",.99534118,314034.526832264,322.59021,.23568271,.50554919,.29546848,.2625801,.25062314,9.5985813,2137.174111969581,0,3400086.415777367,6.7852087,4.0340433,3396954.539517219,3151315.29731002,-.075059384,"Omaha-Council Bluffs, NE-IA",19
"orlando-kissimmee-sanford, fl",.98166895,274074.1546456308,287.37576,.226612,.47838148,.38404393,.27203867,.26194471,12.642607,2271.149381825245,0,4291350.839410338,6.0135593,3.9895658,4272996.905530048,3860084.760169245,-.10162629,"Orlando-Kissimmee-Sanford, FL",12
"oxnard-thousand oaks-ventura, ca",.99205691,276053.9753881036,340.7139,.24638894,.49382508,.36538556,.24697611,.27916461,11.675572,4192.795530435589,0,4313806.886901135,5.9158654,4.0438309,4340996.457545999,4128507.947344836,-.050187852,"Oxnard-Thousand Oaks-Ventura, CA",6
"palm bay-melbourne-titusville, fl",.97401226,186485.9801979814,305.23465,.22760113,.41553813,.26142812,.19536713,.30852428,9.7836637,1637.537439923412,0,3031657.161879273,5.979229,3.9623146,3028369.379579542,2678575.103456058,-.12273934,"Palm Bay-Melbourne-Titusville, FL",12
"parkersburg-vienna, wv",.96661043,229073.0374565039,281.00909,.19026352,.39783683,.23987678,.23169839,.28472483,7.2807689,464.3000000000011,0,3031655.611848667,6.401649,3.916554,2977650.330885821,2024626.874293121,-.38574907,"Parkersburg-Vienna, WV",54
"pensacola-ferry pass-brent, fl",.99239671,646721.8965817578,292.40964,.21048737,.45372206,.29068711,.2610175,.27713734,10.064775,1031.909119073247,0,3723900.576267936,5.9291596,3.823386,3728583.348063832,3335955.698982783,-.11126915,"Pensacola-Ferry Pass-Brent, FL",12
"philadelphia-camden-wilmington, pa-nj-de-md",.9853372,389085.6613835125,333.85553,.27350447,.48975635,.27546489,.25564775,.27974987,13.555034,6413.952394661032,0,3359137.927758423,6.6182752,3.9846923,3375515.438648924,3247987.382038102,-.038512498,"Philadelphia-Camden-Wilmington, PA-NJ-DE-MD",10
"phoenix-mesa-scottsdale, az",.9892199,266511.6013078699,298.28064,.21719868,.45554775,.36215588,.26585296,.24224748,11.003374,3767.11159485802,0,4127620.174645203,5.912395,4.0151124,4148841.956126598,3561888.153257462,-.15253846,"Phoenix-Mesa-Scottsdale, AZ",4
"pittsburgh, pa",.97662407,381292.565076399,326.8447,.27068597,.49412182,.23839308,.24396154,.29285201,12.188539,2255.346628352502,0,2943999.642663699,6.4712892,3.8638248,2956289.631254631,2819199.443717902,-.047482021,"Pittsburgh, PA",42
"pittsfield, ma",.95861232,658475.9260066845,319.69812,.25130281,.51698506,.25767589,.2142767,.31022638,9.7820692,397,0,3477583.435642064,5.8457246,3.6405737,3437105.66146469,3096796.338655216,-.1042616,"Pittsfield, MA",25
"port st. lucie, fl",.96873128,238120.0493099008,284.35806,.2005038,.41302112,.27897647,.18855381,.28847831,10.31501,1434.552833083716,0,3306523.825504716,5.8420625,3.8032417,3348306.155919126,2477887.011343963,-.3010484,"Port St. Lucie, FL",12
"portland-south portland, me",.9892813,328170.3491173879,340.44406,.31440434,.53788596,.23439099,.24021633,.30915019,13.016644,915.4286059488954,0,2906123.578831488,6.0601592,3.7861981,2910947.788734761,2649346.786577624,-.094165616,"Portland-South Portland, ME",23
"portland-vancouver-hillsboro, or-wa",.99912465,264934.2666258896,335.57874,.28351274,.50797683,.33704489,.28890434,.2644265,12.483767,3530.219997081217,0,3874482.763021625,6.1721792,3.9436426,3865694.175973285,3866712.182356324,.00026330908,"Portland-Vancouver-Hillsboro, OR-WA",41
"providence-warwick, ri-ma",.98951644,465080.9175875126,326.7818,.24379572,.50229871,.33866331,.24046199,.29310134,12.26721,3516.745714218785,0,4060095.855861929,5.8285031,3.6891797,4028815.925894693,3734747.878783487,-.075792201,"Providence-Warwick, RI-MA",25
"provo-orem, ut",.9984045,354850.3724871847,288.25723,.20909244,.45404822,.27116361,.26909369,.15586759,8.6807518,2815.113685226327,0,3330332.321969704,7.6929536,4.7899637,3365154.296058954,3134748.849390145,-.070924759,"Provo-Orem, UT",49
"punta gorda, fl",.96745461,307616.2372910819,298.74265,.20819706,.33217016,.22728619,.1326775,.28532615,7.4482694,888.5,0,2823836.485404702,5.3961267,3.6525457,2993339.287396786,2206044.145042012,-.30518866,"Punta Gorda, FL",12
"raleigh, nc",.99742246,316531.3412527317,339.92612,.32312933,.51080585,.31090817,.27992535,.2663188,11.985964,1520.478034398076,0,3611001.480062474,6.5301523,4.0784893,3674999.399863031,3274301.13810426,-.11544852,"Raleigh, NC",37
"reading, pa",.99625748,396419.4359341643,307.00214,.18223962,.4732345,.24434249,.22519687,.27383608,10.778957,2106.795482516322,0,3036680.377391008,6.7874465,4.1242108,3027999.698931141,2967827.771546841,-.02007194,"Reading, PA",42
"reno, nv",.99376988,225341.6229644473,312.14526,.20695125,.50289905,.39740211,.25599259,.26851299,9.7322531,2490.838262236532,0,4378436.226560812,5.7807908,3.9152737,4413915.487402035,4176871.830991037,-.05519956,"Reno, NV",32
"richmond, va",.99732006,399318.1062753164,327.55945,.27067417,.49216351,.30920246,.2601679,.27758881,11.696977,1749.954429543783,0,3698254.551619619,6.685286,4.1016574,3712727.885401257,3473138.419806931,-.066708259,"Richmond, VA",51
"riverside-san bernardino-ontario, ca",.99739742,304711.4951584401,279.56189,.14485453,.41762608,.37506968,.26315656,.24586207,12.632741,3239.243880465351,0,4295259.325014227,5.8314557,4.0465965,4258732.257847012,3785168.796978617,-.11788104,"Riverside-San Bernardino-Ontario, CA",6
"roanoke, va",.98293126,353513.3349137155,296.47842,.2008106,.45671257,.26846507,.22634399,.29289049,10.53104,1096.503073222624,0,3263009.769909186,6.3627481,3.9358335,3237793.26915783,3096956.675434024,-.044472095,"Roanoke, VA",51
"rochester, ny",.99310285,522526.8537473154,309.09644,.2488234,.482627,.27638766,.23583186,.28051916,9.6688766,2235.232917777507,0,3421763.159065578,6.3489976,3.8490844,3404689.959383574,3248737.226919277,-.046887506,"Rochester, NY",36
"rockford, il",.97803396,239240.2464991029,286.86935,.15358117,.45294344,.32953215,.2366232,.26777557,9.9330492,1417.757299389233,0,3679951.568788323,6.3810654,3.9096792,3585842.149620711,3095329.470922931,-.147099,"Rockford, IL",17
"rocky mount, nc",.9749558,236387.1790078373,248.95618,.13136604,.44139582,.33027613,.22705694,.28869492,9.3702002,283.3000000000002,0,3943601.920117138,5.7991238,3.8304939,3832351.604530872,3914617.291059682,.02123896,"Rocky Mount, NC",37
"sacramento--roseville--arden-arcade, ca",.99841893,271936.1944440455,317.18875,.23524757,.44962451,.38026011,.26278967,.26115608,11.105589,3648.003604777715,0,4321397.960851837,5.8897648,3.9827273,4287505.785828635,4076769.09681386,-.050400376,"Sacramento--Roseville--Arden-Arcade, CA",6
"saginaw, mi",.97332275,372933.0455693566,268.54443,.15475874,.39994273,.23031013,.22611775,.26728642,9.1442127,684.7000000000004,0,2835667.520292685,6.2781138,3.9274693,2836980.760065251,2982595.466426509,.050053511,"Saginaw, MI",26
"salinas, ca",.98864537,475584.9939991101,291.56155,.16794443,.46041402,.45921564,.27355248,.24097016,10.648033,2754.356787780004,0,5426764.159135371,5.185956,3.6646903,5472114.687061253,5501056.812382377,.0052750823,"Salinas, CA",6
"salisbury, md-de",.97117317,469301.6050419225,312.82993,.19721395,.45206472,.25416631,.20691687,.28136754,10.547795,347.5274840038048,0,3298619.431346093,6.251235,3.9577718,3292962.364607248,2849695.418573746,-.14457546,"Salisbury, MD-DE",10
"salt lake city, ut",.9982301,213505.9355583196,316.05121,.20961246,.49724239,.28206787,.29213789,.21372925,10.182966,3506.450399557994,0,3239277.623294564,7.2186852,4.5406313,3229658.711580901,3157086.513791786,-.022726856,"Salt Lake City, UT",49
"san antonio-new braunfels, tx",.9895997,279130.9747878182,291.11249,.19541374,.46233055,.33907762,.27130136,.24474496,11.488893,3046.866635637703,0,3880159.075358581,5.9576774,3.9327605,3856313.28397289,3629418.257346404,-.060639244,"San Antonio-New Braunfels, TX",48
"san diego-carlsbad, ca",.99079335,391740.3277759277,319.70184,.26753533,.49242118,.45251039,.28399068,.25089812,11.492449,5395.926450027473,0,5232014.907109785,5.4278235,3.7667348,5222730.624043634,5041390.619238187,-.035338413,"San Diego-Carlsbad, CA",6
"san francisco-oakland-hayward, ca",1.027932,325303.1953415748,368.81265,.3686564,.52042705,.42070481,.30039451,.27085182,15.648013,9637.483628111482,0,5020963.691170359,5.4806142,3.7386847,5016417.293440773,4912797.202281535,-.020872518,"San Francisco-Oakland-Hayward, CA",6
"san jose-sunnyvale-santa clara, ca",1.0410848,347337.8431708126,373.41971,.37218106,.50638902,.40373957,.29613686,.26029328,13.204079,7232.897628842215,0,4954433.026996083,5.4926739,3.8692079,4950369.536740853,5208762.533175439,.050880082,"San Jose-Sunnyvale-Santa Clara, CA",6
"san luis obispo-paso robles-arroyo grande, ca",.98691791,717452.2511300504,318.36731,.25442013,.49428824,.33407262,.22938462,.2603724,9.9569826,1048.941566391146,0,4443473.033660996,5.5282354,3.6805601,4427390.048334097,4518881.080972598,.020454159,"San Luis Obispo-Paso Robles-Arroyo Grande, CA",6
"santa cruz-watsonville, ca",.99578285,591271.2591244173,314.66599,.28385279,.47975197,.4097046,.23044284,.28319767,12.06039,2812.425323223112,0,5192186.06225763,5.2299571,3.572005,5057239.907613108,4957962.872044403,-.019825917,"Santa Cruz-Watsonville, CA",6
"santa fe, nm",.97847259,316509.2511410529,322.13995,.32695073,.50705731,.24030106,.22333375,.31256253,9.5859461,554.600000000002,0,3086579.610635238,5.5532856,3.7017789,3078143.376096041,2979848.724484549,-.032454081,"Santa Fe, NM",35
"santa maria-santa barbara, ca",.98886371,548177.3629857114,290.49918,.21479493,.47492644,.47582433,.25215149,.22328836,8.5594273,3505.416954508678,0,5676263.766647521,5.1575727,3.6178942,5643982.87021139,5636300.131226585,-.0013621538,"Santa Maria-Santa Barbara, CA",6
"santa rosa, ca",.99653983,290250.1333511911,348.2496,.25460237,.5143277,.35609427,.24684054,.28586945,11.436956,2070.853348847234,0,4394724.531952429,5.5247388,3.7596741,4368072.082199951,4368602.476663984,.00012141793,"Santa Rosa, CA",6
"scranton--wilkes-barre--hazleton, pa",.94799495,440423.945068167,292.20416,.18841882,.46013355,.2844542,.22560562,.28511298,9.4926138,1702.775835882357,0,3504902.806264245,6.401556,3.8693347,3471325.30845762,3417253.220696097,-.015699377,"Scranton--Wilkes-Barre--Hazleton, PA",42
"seattle-tacoma-bellevue, wa",1.0078896,297056.6211704672,354.26089,.30616108,.5178479,.35558018,.29850358,.26526254,14.719887,4083.547151168141,0,4125282.795381279,6.1571665,3.9207866,4104606.637707376,4106728.900301388,.00051691046,"Seattle-Tacoma-Bellevue, WA",53
"sebastian-vero beach, fl",.96336645,262709.1260628161,311.51892,.28306642,.36783516,.20496775,.15786484,.31210145,6.9923406,917.3000000000004,0,2561836.09358279,5.6480889,3.7129388,2655218.400909061,2545834.53005753,-.042068407,"Sebastian-Vero Beach, FL",12
"spartanburg, sc",.98752123,352883.4306809607,280.77615,.16330154,.47856802,.24283627,.25031257,.27278528,10.346309,637.7996540700531,0,3053031.496250907,5.9865746,3.8815053,3055197.416481601,2840732.987400886,-.072782099,"Spartanburg, SC",45
"spokane-spokane valley, wa",.99972403,382362.3681845933,289.12308,.201676,.44368282,.32437631,.24476838,.26496559,9.0300169,1823.961043062286,0,3858718.923665437,6.5496316,4.0157514,3849955.59882771,3535477.479224759,-.085213251,"Spokane-Spokane Valley, WA",53
"springfield, il",.97318774,303526.1444184647,322.79709,.26793712,.48618665,.22999366,.24859789,.28235501,9.4498253,803.0999999999998,0,2755687.530590723,6.3764148,3.8701859,2799027.615240883,2627033.406556826,-.063416846,"Springfield, IL",17
"springfield, ma",.98965776,470379.1910650965,305.65198,.21453363,.48152822,.317662,.23732196,.27626494,10.590405,2476.574232050446,0,3830601.51695566,5.7996235,3.7721131,3813310.827096148,3898832.324773405,.022179309,"Springfield, MA",25
"springfield, mo",.98747671,357621.0423918558,275.0542,.19429621,.46923718,.33492273,.25312433,.24082945,9.7245302,1198.944174991705,0,3907943.460415407,6.2175493,3.966464,3891423.292198305,3544158.371032481,-.093474254,"Springfield, MO",29
"springfield, oh",.9859339,321159.1084424263,288.04822,.13071409,.46183521,.33685419,.22143334,.27584818,9.8145447,930.7000000000006,0,3842613.362596057,6.1444278,3.8163898,3901668.197942778,3169824.949623797,-.20772783,"Springfield, OH",39
"st. george, ut",.98757267,219611.9310406616,290.10266,.1642867,.39392143,.29295659,.21893866,.19561681,6.0190282,351.1999999999999,0,3529820.449007581,6.5493727,4.2372913,3608410.762060084,3154487.766677691,-.13444132,"St. George, UT",49
"st. joseph, mo-ks",.97440875,730726.1428005215,267.987,.15833744,.43750882,.28873661,.25079271,.27972627,8.4659138,538.5,0,3829990.444828072,6.2135534,3.7469172,3791966.792730588,3302011.343393612,-.13835305,"St. Joseph, MO-KS",29
"st. louis, mo-il",.98541582,319424.2103103955,325.91281,.2443641,.4950906,.26572561,.25631505,.27579272,11.930358,2215.392200861479,0,3185157.139703847,6.4222054,3.9329853,3207878.705018451,2910753.890822195,-.097197764,"St. Louis, MO-IL",17
"state college, pa",.99199843,1322374.282262901,279.19073,.29532713,.45975775,.26558059,.23143367,.2385134,8.1195993,724.099999999999,0,4130647.721498605,5.8640318,3.4702275,4332132.658802436,4425036.455709165,.021218566,"State College, PA",42
"stockton-lodi, ca",.9990465,290809.8262107937,285.33511,.11509433,.41583967,.4343797,.25927392,.23773034,12.993682,3521.167041019724,0,4934832.362781459,5.8303757,4.0331931,4950382.027208242,4220380.211152707,-.15953954,"Stockton-Lodi, CA",6
"syracuse, ny",.98484981,596483.1692889446,304.61047,.21898639,.47510204,.27580109,.22953333,.28362182,9.3637638,2120.53802107514,0,3510633.792950254,6.3096256,3.8388398,3487322.556468084,3344072.394067697,-.041944921,"Syracuse, NY",36
"tampa-st. petersburg-clearwater, fl",.97742116,241230.1857184088,302.21988,.22298536,.46124724,.34255838,.24591343,.28092709,11.370405,2821.22816533078,0,3877809.342675768,5.766274,3.767868,3890007.094297738,3482962.585050208,-.11052773,"Tampa-St. Petersburg-Clearwater, FL",12
"toledo, oh",.97473907,362576.1258194447,291.57178,.19533467,.47644979,.3327207,.23678502,.27276921,9.3378201,2158.781419102135,0,3862125.711861531,6.3384867,3.8660345,3826456.052788676,3446252.160872161,-.10465175,"Toledo, OH",39
"trenton, nj",.97888738,634365.8772524638,345.77704,.31657198,.48528275,.32840422,.24599902,.29156566,13.707224,3879.237076829027,0,4099782.277037766,6.2255073,3.8300338,4126876.911698912,3886800.162965003,-.059934687,"Trenton, NJ",34
"tucson, az",.98801482,382570.5150273322,274.61618,.22694393,.42822233,.32685691,.23353481,.24869284,9.5325241,2466.227414720755,0,3900344.098438994,5.5501375,3.8097293,3876953.887962392,3583078.271403,-.078827478,"Tucson, AZ",4
"tuscaloosa, al",.98096496,673193.6593950414,274.21527,.20627564,.46185222,.28259578,.26180801,.24255842,10.183031,1018.800925375333,0,3936612.214001032,5.8289013,3.7995183,4083340.748597904,3910263.196302733,-.04331078,"Tuscaloosa, AL",1
"tyler, tx",.98024487,384832.931935864,282.12708,.17334877,.43858057,.27223614,.23877034,.2656399,8.9903584,875.2663383004893,0,3518886.508782222,5.7740088,3.8749011,3626396.563113626,3045325.965925056,-.17463152,"Tyler, TX",48
"utica-rome, ny",.97106409,598145.9759381365,288.3913,.19190803,.44055113,.25263613,.22096792,.28875387,8.1017904,1092.152821026224,0,3336219.953096052,6.3067665,3.826381,3316494.553564224,3412022.722812415,.028396921,"Utica-Rome, NY",36
"vallejo-fairfield, ca",.9987902,341402.6966432409,326.99005,.18461239,.46942726,.39874783,.26271001,.27727979,14.025427,2715.251842967828,0,4586509.146579416,5.7949591,3.9621494,4547109.810634498,4275023.476014724,-.061702229,"Vallejo-Fairfield, CA",6
"virginia beach-norfolk-newport news, va-nc",.9890449,525834.6301017165,315.68909,.22706732,.51345587,.3673991,.26638269,.26423261,11.323115,3182.841327122246,0,4406541.585014251,6.307694,3.95171,4390417.124722921,3921664.756709022,-.11290799,"Virginia Beach-Norfolk-Newport News, VA-NC",51
"visalia-porterville, ca",.99547565,203409.2826951901,231.77448,.081128217,.37193531,.42567334,.26203388,.21452513,7.58887,1373.839730435569,0,4762646.767815779,5.5107574,3.9062815,4791382.454943821,4532541.924795242,-.055536069,"Visalia-Porterville, CA",6
"waco, tx",.97890502,463208.0073016524,257.31445,.15071531,.46498764,.36029157,.24081644,.22470678,8.5934048,1458.119862168235,0,4289170.215610054,5.7071013,3.8752944,4292111.983484217,3926676.453208845,-.088985533,"Waco, TX",48
"washington-arlington-alexandria, dc-va-md-wv",.99912822,328642.3867478423,374.39694,.36946863,.54240364,.32933348,.29070058,.27001259,17.502262,5167.75739283175,0,3904000.702703843,6.9567161,4.1382766,3929948.84025485,3673314.647537714,-.067531981,"Washington-Arlington-Alexandria, DC-VA-MD-WV",11
"wenatchee, wa",.9961403,227631.7586455804,293.80206,.16396838,.45208254,.25534108,.24059509,.28085834,7.7307096,280.3000000000004,0,3032787.244954206,6.4422674,4.1473756,3247464.852621731,3695377.039761175,.12920794,"Wenatchee, WA",53
"wichita, ks",.98709965,270899.441277841,302.87955,.21537212,.49186981,.31032431,.26428586,.25167611,9.428092,1450.858487001735,0,3535435.47811915,6.6439281,4.0595307,3564778.919513984,3289109.843428572,-.080485076,"Wichita, KS",20
"wilmington, nc",.97997189,363555.5814934809,289.60367,.27035224,.44706443,.33049768,.25242236,.27261975,9.0783195,1270.785586268776,0,3976425.912764528,6.0123172,3.9374781,3905041.858344181,3573736.189541982,-.088656902,"Wilmington, NC",37
"winston-salem, nc",.98345947,277159.7197809005,281.45633,.19316618,.45664471,.30071566,.23563626,.27736136,9.6398621,922.2651804636272,0,3529317.936867073,6.0659175,3.8744709,3481062.962301405,3159294.216507191,-.096989043,"Winston-Salem, NC",37
"worcester, ma-ct",.99306685,533835.5944075783,345.12875,.2610245,.51530802,.27063194,.23996618,.29861778,13.783071,1814.767241077232,0,3459715.923995149,6.1030426,3.8037159,3420097.117591721,3448141.515002635,.0081664473,"Worcester, MA-CT",9
"yakima, wa",.99768466,204377.7919377528,259.27408,.10245736,.42771673,.35288376,.23917267,.23955072,7.5113416,1519.12962765957,0,4009787.274129594,5.9497848,3.9102075,4013033.595354097,4040161.608091767,.0067372303,"Yakima, WA",53
"york-hanover, pa",.99812496,288564.4217080711,321.72598,.1754514,.49892753,.20888747,.23225294,.28973365,12.634145,1335.444744941823,0,2521499.818765549,6.8358541,4.1165962,2556331.498654733,2561883.2988554,.0021694293,"York-Hanover, PA",42
"youngstown-warren-boardman, oh-pa",.96334118,415221.1692143782,277.82986,.16952795,.42497697,.26013613,.22111361,.28390542,8.4260311,1103.575054554524,0,3258487.603070457,6.3662286,3.8714843,3233600.652770452,2951848.235950396,-.091164775,"Youngstown-Warren-Boardman, OH-PA",39
"yuba city, ca",.99839258,218737.9612762147,260.16629,.097988911,.40241286,.44741553,.26009274,.22974277,9.9874077,850.799999999999,0,4880291.380126726,5.7100968,3.989428,4889632.792605652,4253812.623349076,-.13930154,"Yuba City, CA",6
